step,pos_x,pos_y,pos_z,target_x,target_y,target_z,error,action_0,action_1,action_2,action_3
0,0.0,0.0,0.03317017226848852,0.0,0.0,2.0,1.9668298277315115,21666.447500000002,21666.447500000002,21666.447500000002,21666.447500000002
1,0.0,0.0,0.04161959159757639,0.0,0.0,1.9960334029227558,1.9544138113251794,21666.447500000002,21666.447500000002,21666.447500000002,21666.447500000002
2,0.0,0.0,0.05534051823429224,0.0,0.0,1.9920668058455115,1.9367262876112192,21666.447500000002,21666.447500000002,21666.447500000002,21666.447500000002
3,0.0,0.0,0.07432300351221525,0.0,0.0,1.9881002087682673,1.913777205256052,21666.447500000002,21666.447500000002,21666.447500000002,21666.447500000002
4,0.0,0.0,0.09855490630387322,0.0,0.0,1.9841336116910229,1.8855787053871496,21666.447500000002,21666.447500000002,21666.447500000002,21666.447500000002
5,0.0,0.0,0.12802191310062927,0.0,0.0,1.9801670146137786,1.8521451015131494,21666.447500000002,21666.447500000002,21666.447500000002,21666.447500000002
6,0.0,0.0,0.16270756164950723,0.0,0.0,1.9762004175365344,1.8134928558870271,21666.447500000002,21666.447500000002,21666.447500000002,21666.447500000002
7,0.0,0.0,0.20259326806417896,0.0,0.0,1.9722338204592902,1.7696405523951113,21666.447500000002,21666.447500000002,21666.447500000002,21666.447500000002
8,0.0,0.0,0.24765835731560623,0.0,0.0,1.968267223382046,1.7206088660664398,21666.447500000002,21666.447500000002,21666.447500000002,21666.447500000002
9,0.0,0.0,0.29788009699666224,0.0,0.0,1.9643006263048017,1.6664205293081396,21666.447500000002,21666.447500000002,21666.447500000002,21666.447500000002
10,0.0,0.0,0.3532337342445135,0.0,0.0,1.9603340292275575,1.607100294983044,21666.447500000002,21666.447500000002,21666.447500000002,21666.447500000002
11,0.0,0.0,0.4136925356946802,0.0,0.0,1.956367432150313,1.542674896455633,21666.447500000002,21666.447500000002,21666.447500000002,21666.447500000002
12,0.0,0.0,0.4792278303315583,0.0,0.0,1.9524008350730688,1.4731730047415106,21666.447500000002,21666.447500000002,21666.447500000002,21666.447500000002
13,0.0,0.0,0.548786821517765,0.0,0.0,1.9484342379958246,1.3996474164780595,19632.691656510728,19632.691656510728,19632.691656510728,19632.691656510728
14,0.0,0.0,0.6200093630207021,0.0,0.0,1.9444676409185804,1.3244582778978784,15795.070817061769,15795.070817061769,15795.070817061769,15795.070817061769
15,0.0,0.0,0.690750978917935,0.0,0.0,1.9405010438413361,1.249750064923401,12829.819467333695,12829.819467333695,12829.819467333695,12829.819467333695
16,0.0,0.0,0.759698683466119,0.0,0.0,1.936534446764092,1.176835763297973,10626.85272536988,10626.85272536988,10626.85272536988,10626.85272536988
17,0.0,0.0,0.8261556520254062,0.0,0.0,1.9325678496868477,1.1064121976614416,9440.3,9440.3,9440.3,9440.3
18,0.0,0.0,0.8899443948961667,0.0,0.0,1.9286012526096035,1.0386568577134367,9440.3,9440.3,9440.3,9440.3
19,0.0,0.0,0.9510807716133046,0.0,0.0,1.924634655532359,0.9735538839190544,9440.3,9440.3,9440.3,9440.3
20,0.0,0.0,1.009579986908831,0.0,0.0,1.9206680584551148,0.9110880715462837,9440.3,9440.3,9440.3,9440.3
21,0.0,0.0,1.0654566041436253,0.0,0.0,1.9167014613778706,0.8512448572342453,9440.3,9440.3,9440.3,9440.3
22,0.0,0.0,1.1187245580684548,0.0,0.0,1.9127348643006263,0.7940103062321715,9440.3,9440.3,9440.3,9440.3
23,0.0,0.0,1.169397166938874,0.0,0.0,1.908768267223382,0.739371100284508,9440.3,9440.3,9440.3,9440.3
24,0.0,0.0,1.217487144007137,0.0,0.0,1.9048016701461379,0.6873145261390008,9440.3,9440.3,9440.3,9440.3
25,0.0,0.0,1.2630066084128533,0.0,0.0,1.9008350730688934,0.6378284646560402,9440.3,9440.3,9440.3,9440.3
26,0.0,0.0,1.305967095492796,0.0,0.0,1.8968684759916492,0.5909013804988532,9440.3,9440.3,9440.3,9440.3
27,0.0,0.0,1.3463795665289975,0.0,0.0,1.892901878914405,0.5465223123854075,9440.3,9440.3,9440.3,9440.3
28,0.0,0.0,1.3842544179530814,0.0,0.0,1.8889352818371608,0.5046808638840794,9440.3,9440.3,9440.3,9440.3
29,0.0,0.0,1.4196014900236227,0.0,0.0,1.8849686847599165,0.46536719473629384,9440.3,9440.3,9440.3,9440.3
30,0.0,0.0,1.4524300749922534,0.0,0.0,1.8810020876826723,0.4285720126904189,9440.3,9440.3,9440.3,9440.3
31,0.0,0.0,1.4827489247731862,0.0,0.0,1.877035490605428,0.39428656583224186,9440.3,9440.3,9440.3,9440.3
32,0.0,0.0,1.5105662581298365,0.0,0.0,1.8730688935281838,0.3625026353983474,9440.3,9440.3,9440.3,9440.3
33,0.0,0.0,1.5358897673912772,0.0,0.0,1.8691022964509394,0.33321252905966214,9440.3,9440.3,9440.3,9440.3
34,0.0,0.0,1.5587266247103462,0.0,0.0,1.8651356993736952,0.306409074663349,9440.3,9440.3,9440.3,9440.3
35,0.0,0.0,1.5792112426439273,0.0,0.0,1.861169102296451,0.2819578596525236,9980.247408142473,9980.247408142473,9980.247408142473,9980.247408142473
36,0.0,0.0,1.597663857517215,0.0,0.0,1.8572025052192067,0.25953864770199164,10882.26254781666,10882.26254781666,10882.26254781666,10882.26254781666
37,0.0,0.0,1.6144060599602712,0.0,0.0,1.8532359081419625,0.23882984818169128,11484.515745813185,11484.515745813185,11484.515745813185,11484.515745813185
38,0.0,0.0,1.6296714217656243,0.0,0.0,1.8492693110647183,0.21959788929909396,11907.26490343858,11907.26490343858,11907.26490343858,11907.26490343858
39,0.0,0.0,1.6436343208744866,0.0,0.0,1.8453027139874738,0.20166839311298723,12217.01747478223,12217.01747478223,12217.01747478223,12217.01747478223
40,0.0,0.0,1.6564289699343677,0.0,0.0,1.8413361169102296,0.18490714697586186,12453.189324647741,12453.189324647741,12453.189324647741,12453.189324647741
41,0.0,0.0,1.6681620048817614,0.0,0.0,1.8373695198329854,0.169207514951224,12640.105099061213,12640.105099061213,12640.105099061213,12640.105099061213
42,0.0,0.0,1.6789208357442384,0.0,0.0,1.8334029227557411,0.15448208701150268,12793.173741433784,12793.173741433784,12793.173741433784,12793.173741433784
43,0.0,0.0,1.6887792061466413,0.0,0.0,1.829436325678497,0.14065711953185556,12922.34145398569,12922.34145398569,12922.34145398569,12922.34145398569
44,0.0,0.0,1.6978009124375875,0.0,0.0,1.8254697286012527,0.1276688161636652,13034.127548748962,13034.127548748962,13034.127548748962,13034.127548748962
45,0.0,0.0,1.7060423079981557,0.0,0.0,1.8215031315240084,0.11546082352585274,13132.866934179307,13132.866934179307,13132.866934179307,13132.866934179307
46,0.0,0.0,1.7135540045061441,0.0,0.0,1.8175365344467642,0.10398252994062007,13221.485914391458,13221.485914391458,13221.485914391458,13221.485914391458
47,0.0,0.0,1.7203820413568767,0.0,0.0,1.8135699373695198,0.0931878960126431,13301.994103643425,13301.994103643425,13301.994103643425,13301.994103643425
48,0.0,0.0,1.726568701961834,0.0,0.0,1.8096033402922755,0.08303463833044145,13375.799684039506,13375.799684039506,13375.799684039506,13375.799684039506
49,0.0,0.0,1.7321530947788082,0.0,0.0,1.8056367432150313,0.07348364843622313,13443.91301665777,13443.91301665777,13443.91301665777,13443.91301665777
50,0.0,0.0,1.7371715768501694,0.0,0.0,1.801670146137787,0.06449856928761766,13507.078934436991,13507.078934436991,13507.078934436991,13507.078934436991
51,0.0,0.0,1.7416580712280936,0.0,0.0,1.7977035490605429,0.056045477832449286,13565.863133530394,13565.863133530394,13565.863133530394,13565.863133530394
52,0.0,0.0,1.745644312271693,0.0,0.0,1.7937369519832986,0.04809263971160571,13620.708858845606,13620.708858845606,13620.708858845606,13620.708858845606
53,0.0,0.0,1.749160041335393,0.0,0.0,1.7897703549060542,0.04061031357066125,13671.974283690237,13671.974283690237,13671.974283690237,13671.974283690237
54,0.0,0.0,1.7522331678066718,0.0,0.0,1.78580375782881,0.033570590022138136,13719.957298732752,13719.957298732752,13719.957298732752,13719.957298732752
55,0.0,0.0,1.7548899054622398,0.0,0.0,1.7818371607515657,0.026947255289325955,13764.912064039145,13764.912064039145,13764.912064039145,13764.912064039145
56,0.0,0.0,1.7571548908175902,0.0,0.0,1.7778705636743215,0.02071567285673126,13807.060155850286,13807.060155850286,13807.060155850286,13807.060155850286
57,0.0,0.0,1.7590512879679088,0.0,0.0,1.7739039665970773,0.014852678629168503,13846.59815457189,13846.59815457189,13846.59815457189,13846.59815457189
58,0.0,0.0,1.7606008829779083,0.0,0.0,1.769937369519833,0.00933648654192476,13883.70288075794,13883.70288075794,13883.70288075794,13883.70288075794
59,0.0,0.0,1.7618241699235304,0.0,0.0,1.7659707724425888,0.004146602519058407,13918.535069485959,13918.535069485959,13918.535069485959,13918.535069485959
60,0.0,0.0,1.7627404300543041,0.0,0.0,1.7620041753653446,0.0007362546889595478,13951.24200193975,13951.24200193975,13951.24200193975,13951.24200193975
61,0.0,0.0,1.7633677578844291,0.0,0.0,1.7580375782881001,0.005330179596328977,13981.820840709883,13981.820840709883,13981.820840709883,13981.820840709883
62,0.0,0.0,1.7637231178911927,0.0,0.0,1.754070981210856,0.00965213668033682,14010.45633881638,14010.45633881638,14010.45633881638,14010.45633881638
63,0.0,0.0,1.7638224361186785,0.0,0.0,1.7501043841336117,0.013718051985066815,14037.308152340742,14037.308152340742,14037.308152340742,14037.308152340742
64,0.0,0.0,1.7636806790980915,0.0,0.0,1.7461377870563675,0.01754289204172399,14062.511769357141,14062.511769357141,14062.511769357141,14062.511769357141
65,0.0,0.0,1.7633119252682043,0.0,0.0,1.7421711899791232,0.021140735289081114,14086.184151180616,14086.184151180616,14086.184151180616,14086.184151180616
66,0.0,0.0,1.762729426106807,0.0,0.0,1.738204592901879,0.02452483320492793,14108.425216533498,14108.425216533498,14108.425216533498,14108.425216533498
67,0.0,0.0,1.7619456564828913,0.0,0.0,1.7342379958246346,0.027707660658256694,14129.325398257795,14129.325398257795,14129.325398257795,14129.325398257795
68,0.0,0.0,1.7609723608511407,0.0,0.0,1.7302713987473903,0.030700962103750395,14148.968732480182,14148.968732480182,14148.968732480182,14148.968732480182
69,0.0,0.0,1.7598205965149145,0.0,0.0,1.726304801670146,0.03351579484476841,14167.43346447797,14167.43346447797,14167.43346447797,14167.43346447797
70,0.0,0.0,1.7585007741999215,0.0,0.0,1.7223382045929019,0.03616256960701958,14184.792557954534,14184.792557954534,14184.792557954534,14184.792557954534
71,0.0,0.0,1.7570226961436435,0.0,0.0,1.7183716075156577,0.03865108862798583,14201.114132022583,14201.114132022583,14201.114132022583,14201.114132022583
72,0.0,0.0,1.7553955918782655,0.0,0.0,1.7144050104384134,0.040990581439852125,14216.46184268715,14216.46184268715,14216.46184268715,14216.46184268715
73,0.0,0.0,1.7536281518642394,0.0,0.0,1.7104384133611692,0.043189738503070174,14230.895220594448,14230.895220594448,14230.895220594448,14230.895220594448
74,0.0,0.0,1.7517285591155651,0.0,0.0,1.706471816283925,0.04525674283164016,14244.469973430874,14244.469973430874,14244.469973430874,14244.469973430874
75,0.0,0.0,1.7497045189449905,0.0,0.0,1.7025052192066807,0.04719929973830972,14257.2382590634,14257.2382590634,14257.2382590634,14257.2382590634
76,0.0,0.0,1.7475632869467121,0.0,0.0,1.6985386221294363,0.049024664817275854,14269.248933946179,14269.248933946179,14269.248933946179,14269.248933946179
77,0.0,0.0,1.745311695325141,0.0,0.0,1.694572025052192,0.05073967027294901,14280.547780234272,14280.547780234272,14280.547780234272,14280.547780234272
78,0.0,0.0,1.7429561776704767,0.0,0.0,1.6906054279749478,0.052350749695528886,14291.177714287376,14291.177714287376,14291.177714287376,14291.177714287376
79,0.0,0.0,1.7405027922749234,0.0,0.0,1.6866388308977036,0.05386396137721983,14301.178978706484,14301.178978706484,14301.178978706484,14301.178978706484
80,0.0,0.0,1.7379572440771598,0.0,0.0,1.6826722338204594,0.055285010256700406,14310.589319655024,14310.589319655024,14310.589319655024,14310.589319655024
81,0.0,0.0,1.7353249053170465,0.0,0.0,1.678705636743215,0.056619268573831594,14319.444150927055,14319.444150927055,14319.444150927055,14319.444150927055
82,0.0,0.0,1.7326108349773757,0.0,0.0,1.6747390396659707,0.05787179531140496,14327.776706005388,14327.776706005388,14327.776706005388,14327.776706005388
83,0.0,0.0,1.7298197970846925,0.0,0.0,1.6707724425887265,0.05904735449596599,14335.618179183355,14335.618179183355,14335.618179183355,14335.618179183355
84,0.0,0.0,1.7269562779368028,0.0,0.0,1.6668058455114823,0.06015043242532059,14342.997856689482,14342.997856689482,14342.997856689482,14342.997856689482
85,0.0,0.0,1.7240245023204588,0.0,0.0,1.662839248434238,0.06118525388622076,14349.943238645024,14349.943238645024,14349.943238645024,14349.943238645024
86,0.0,0.0,1.7210284487788667,0.0,0.0,1.6588726513569938,0.06215579742187294,14356.480152594537,14356.480152594537,14356.480152594537,14356.480152594537
87,0.0,0.0,1.717971863985084,0.0,0.0,1.6549060542797496,0.06306580970533449,14362.632859273828,14362.632859273828,14362.632859273828,14362.632859273828
88,0.0,0.0,1.714858276273995,0.0,0.0,1.6509394572025053,0.06391881907148966,14368.424151214596,14368.424151214596,14368.424151214596,14368.424151214596
89,0.0,0.0,1.7116910083824148,0.0,0.0,1.6469728601252611,0.06471814825715372,14373.875444729194,14373.875444729194,14373.875444729194,14373.875444729194
90,0.0,0.0,1.7084731894439122,0.0,0.0,1.6430062630480167,0.06546692639589557,14379.006865769636,14379.006865769636,14379.006865769636,14379.006865769636
91,0.0,0.0,1.7052077662821683,0.0,0.0,1.6390396659707724,0.06616810031139586,14383.83733011171,14383.83733011171,14383.83733011171,14383.83733011171
92,0.0,0.0,1.7018975140440877,0.0,0.0,1.6350730688935282,0.06682444515055952,14388.384618276381,14388.384618276381,14388.384618276381,14388.384618276381
93,0.0,0.0,1.6985450462114318,0.0,0.0,1.631106471816284,0.06743857439514778,14392.665445566385,14392.665445566385,14392.665445566385,14392.665445566385
94,0.0,0.0,1.6951528240274474,0.0,0.0,1.6271398747390398,0.06801294928840762,14396.695527564727,14396.695527564727,14396.695527564727,14396.695527564727
95,0.0,0.0,1.6917231653728055,0.0,0.0,1.6231732776617955,0.06854988771101,14400.489641413995,14400.489641413995,14400.489641413995,14400.489641413995
96,0.0,0.0,1.688258253123141,0.0,0.0,1.619206680584551,0.06905157253858984,14404.06168317013,14404.06168317013,14404.06168317013,14404.06168317013
97,0.0,0.0,1.6847601430185668,0.0,0.0,1.6152400835073069,0.06952005951125995,14407.424721501291,14407.424721501291,14407.424721501291,14407.424721501291
98,0.0,0.0,1.6812307710737615,0.0,0.0,1.6112734864300626,0.06995728464369888,14410.591047981688,14410.591047981688,14410.591047981688,14410.591047981688
99,0.0,0.0,1.677671960555523,0.0,0.0,1.6073068893528184,0.07036507120270463,14413.57222421122,14413.57222421122,14413.57222421122,14413.57222421122
100,0.0,0.0,1.6740854285531122,0.0,0.0,1.6033402922755742,0.07074513627753798,14416.379125974545,14416.379125974545,14416.379125974545,14416.379125974545
101,0.0,0.0,1.6704727921652165,0.0,0.0,1.59937369519833,0.07109909696688654,14419.021984637253,14419.021984637253,14419.021984637253,14419.021984637253
102,0.0,0.0,1.6668355743259564,0.0,0.0,1.5954070981210857,0.0714284762048707,14421.510425962151,14421.510425962151,14421.510425962151,14421.510425962151
103,0.0,0.0,1.663175209291046,0.0,0.0,1.5914405010438415,0.0717347082472044,14423.85350651588,14423.85350651588,14423.85350651588,14423.85350651588
104,0.0,0.0,1.6594930478039738,0.0,0.0,1.5874739039665973,0.07201914383737651,14426.059747823307,14426.059747823307,14426.059747823307,14426.059747823307
105,0.0,0.0,1.6557903619609085,0.0,0.0,1.5835073068893528,0.07228305507155564,14428.13716841627,14428.13716841627,14428.13716841627,14428.13716841627
106,0.0,0.0,1.652068349791933,0.0,0.0,1.5795407098121086,0.07252763997982448,14430.093313912857,14430.093313912857,14430.093313912857,14430.093313912857
107,0.0,0.0,1.6483281395751765,0.0,0.0,1.5755741127348644,0.07275402684031218,14431.935285253676,14431.935285253676,14431.935285253676,14431.935285253676
108,0.0,0.0,1.644570793899448,0.0,0.0,1.5716075156576201,0.07296327824182791,14433.669765213344,14433.669765213344,14433.669765213344,14433.669765213344
109,0.0,0.0,1.6407973134900535,0.0,0.0,1.567640918580376,0.07315639490967762,14435.303043296572,14435.303043296572,14435.303043296572,14435.303043296572
110,0.0,0.0,1.6370086408116276,0.0,0.0,1.5636743215031315,0.0733343193084961,14436.841039121537,14436.841039121537,14436.841039121537,14436.841039121537
111,0.0,0.0,1.6332056634609902,0.0,0.0,1.5597077244258872,0.07349793903510293,14438.28932438559,14438.28932438559,14438.28932438559,14438.28932438559
112,0.0,0.0,1.6293892173622846,0.0,0.0,1.555741127348643,0.07364809001364159,14439.65314350251,14439.65314350251,14439.65314350251,14439.65314350251
113,0.0,0.0,1.6255600897759372,0.0,0.0,1.5517745302713988,0.07378555950453847,14440.93743299436,14440.93743299436,14440.93743299436,14440.93743299436
114,0.0,0.0,1.621719022132293,0.0,0.0,1.5478079331941546,0.07391108893813847,14442.14683971534,14442.14683971534,14442.14683971534,14442.14683971534
115,0.0,0.0,1.6178667127001631,0.0,0.0,1.5438413361169103,0.07402537658325281,14443.285737980375,14443.285737980375,14443.285737980375,14443.285737980375
116,0.0,0.0,1.6140038190999073,0.0,0.0,1.539874739039666,0.07412908006024121,14444.358245665906,14444.358245665906,14444.358245665906,14444.358245665906
117,0.0,0.0,1.6101309606701186,0.0,0.0,1.5359081419624219,0.07422281870769676,14445.368239346331,14445.368239346331,14445.368239346331,14445.368239346331
118,0.0,0.0,1.6062487206964493,0.0,0.0,1.5319415448851776,0.07430717581127166,14446.319368525437,14446.319368525437,14446.319368525437,14446.319368525437
119,0.0,0.0,1.6023576485106112,0.0,0.0,1.5279749478079332,0.07438270070267805,14447.215069018039,14447.215069018039,14447.215069018039,14447.215069018039
120,0.0,0.0,1.5984582614671243,0.0,0.0,1.524008350730689,0.07444991073643537,14448.058575533996,14448.058575533996,14448.058575533996,14448.058575533996
121,0.0,0.0,1.5945510468049362,0.0,0.0,1.5200417536534447,0.07450929315149146,14448.85293351288,14448.85293351288,14448.85293351288,14448.85293351288
122,0.0,0.0,1.5906364634006218,0.0,0.0,1.5160751565762005,0.0745613068244213,14449.601010255057,14449.601010255057,14449.601010255057,14449.601010255057
123,0.0,0.0,1.5867149434194865,0.0,0.0,1.5121085594989563,0.0746063839205302,14450.305505391854,14450.305505391854,14450.305505391854,14450.305505391854
124,0.0,0.0,1.5827868938705176,0.0,0.0,1.5081419624217118,0.0746449314488058,14450.968960734524,14450.968960734524,14450.968960734524,14450.968960734524
125,0.0,0.0,1.578852698070792,0.0,0.0,1.5041753653444676,0.07467733272632437,14451.593769539792,14451.593769539792,14451.593769539792,14451.593769539792
126,0.0,0.0,1.574912717024608,0.0,0.0,1.5002087682672234,0.07470394875738462,14452.182185226811,14452.182185226811,14452.182185226811,14452.182185226811
127,0.0,0.0,1.5709672907223202,0.0,0.0,1.4962421711899792,0.07472511953234107,14452.73632957893,14452.73632957893,14452.73632957893,14452.73632957893
128,0.0,0.0,1.5670167393635448,0.0,0.0,1.492275574112735,0.07474116525080987,14453.258200460601,14453.258200460601,14453.258200460601,14453.258200460601
129,0.0,0.0,1.5630613645091485,0.0,0.0,1.4883089770354907,0.07475238747365776,14453.749679079086,14453.749679079086,14453.749679079086,14453.749679079086
130,0.0,0.0,1.5591014501661655,0.0,0.0,1.4843423799582465,0.07475907020791905,14454.212536817678,14454.212536817678,14454.212536817678,14454.212536817678
131,0.0,0.0,1.5551372638095513,0.0,0.0,1.4803757828810022,0.07476148092854906,14454.648441666319,14454.648441666319,14454.648441666319,14454.648441666319
132,0.0,0.0,1.551169057344451,0.0,0.0,1.476409185803758,0.07475987154069297,14455.058964273489,14455.058964273489,14455.058964273489,14455.058964273489
133,0.0,0.0,1.5471970680124474,0.0,0.0,1.4724425887265138,0.0747544792859336,14455.445583641951,14455.445583641951,14455.445583641951,14455.445583641951
134,0.0,0.0,1.5432215192450514,0.0,0.0,1.4684759916492693,0.07474552759578201,14455.809692489507,14455.809692489507,14455.809692489507,14455.809692489507
135,0.0,0.0,1.5392426214675066,0.0,0.0,1.4645093945720251,0.07473322689548145,14456.15260229473,14456.15260229473,14456.15260229473,14456.15260229473
136,0.0,0.0,1.5352605728558015,0.0,0.0,1.4605427974947809,0.07471777536102064,14456.47554804616,14456.47554804616,14456.47554804616,14456.47554804616
137,0.0,0.0,1.5312755600496153,0.0,0.0,1.4565762004175364,0.07469935963207885,14456.779692712858,14456.779692712858,14456.779692712858,14456.779692712858
138,0.0,0.0,1.5272877588237594,0.0,0.0,1.4526096033402922,0.07467815548346723,14457.066131452502,14457.066131452502,14457.066131452502,14457.066131452502
139,0.0,0.0,1.5232973347205399,0.0,0.0,1.448643006263048,0.07465432845749187,14457.335895572734,14457.335895572734,14457.335895572734,14457.335895572734
140,0.0,0.0,1.5193044436453043,0.0,0.0,1.4446764091858038,0.0746280344595005,14457.589956260155,14457.589956260155,14457.589956260155,14457.589956260155
141,0.0,0.0,1.5153092324273265,0.0,0.0,1.4407098121085595,0.07459942031876698,14457.829228090985,14457.829228090985,14457.829228090985,14457.829228090985
142,0.0,0.0,1.5113118393480427,0.0,0.0,1.4367432150313153,0.0745686243167274,14458.054572335943,14458.054572335943,14458.054572335943,14458.054572335943
143,0.0,0.0,1.5073123946385405,0.0,0.0,1.432776617954071,0.07453577668446942,14458.266800071626,14458.266800071626,14458.266800071626,14458.266800071626
144,0.0,0.0,1.5033110209480907,0.0,0.0,1.4288100208768268,0.07450100007126381,14458.466675109834,14458.466675109834,14458.466675109834,14458.466675109834
145,0.0,0.0,1.4993078337854098,0.0,0.0,1.4248434237995826,0.07446440998582715,14458.654916755444,14458.654916755444,14458.654916755444,14458.654916755444
146,0.0,0.0,1.4953029419342363,0.0,0.0,1.4208768267223384,0.0744261152118979,14458.832202402886,14458.832202402886,14458.832202402886,14458.832202402886
147,0.0,0.0,1.4912964478447208,0.0,0.0,1.4169102296450942,0.07438621819962665,14458.999169980965,14458.999169980965,14458.999169980965,14458.999169980965
148,0.0,0.0,1.4872884480020347,0.0,0.0,1.4129436325678497,0.07434481543418503,14459.156420254581,14459.156420254581,14459.156420254581,14459.156420254581
149,0.0,0.0,1.4832790332735264,0.0,0.0,1.4089770354906055,0.0743019977829209,14459.304518992056,14459.304518992056,14459.304518992056,14459.304518992056
150,0.0,0.0,1.4792682892356686,0.0,0.0,1.4050104384133613,0.07425785082230729,14459.443999005638,14459.443999005638,14459.443999005638,14459.443999005638
151,0.0,0.0,1.4752562964819813,0.0,0.0,1.401043841336117,0.07421245514586428,14459.575362073083,14459.575362073083,14459.575362073083,14459.575362073083
152,0.0,0.0,1.4712431309130296,0.0,0.0,1.3970772442588726,0.07416588665415702,14459.699080746708,14459.699080746708,14459.699080746708,14459.699080746708
153,0.0,0.0,1.4672288640095454,0.0,0.0,1.3931106471816284,0.07411821682791708,14459.815600057067,14459.815600057067,14459.815600057067,14459.815600057067
154,0.0,0.0,1.4632135630896517,0.0,0.0,1.3891440501043841,0.07406951298526754,14459.925339116926,14459.925339116926,14459.925339116926,14459.925339116926
155,0.0,0.0,1.4591972915511169,0.0,0.0,1.38517745302714,0.07401983852397698,14460.028692631848,14460.028692631848,14460.028692631848,14460.028692631848
156,0.0,0.0,1.4551801090995111,0.0,0.0,1.3812108559498957,0.07396925314961544,14460.126032322456,14460.126032322456,14460.126032322456,14460.126032322456
157,0.0,0.0,1.4511620719630818,0.0,0.0,1.3772442588726515,0.07391781309043033,14460.21770826375,14460.21770826375,14460.21770826375,14460.21770826375
158,0.0,0.0,1.447143233095125,0.0,0.0,1.3732776617954072,0.07386557129971782,14460.304050146347,14460.304050146347,14460.304050146347,14460.304050146347
159,0.0,0.0,1.4431236423645795,0.0,0.0,1.369311064718163,0.07381257764641647,14460.385368464045,14460.385368464045,14460.385368464045,14460.385368464045
160,0.0,0.0,1.4391033467355254,0.0,0.0,1.3653444676409188,0.07375887909460666,14460.461955632203,14460.461955632203,14460.461955632203,14460.461955632203
161,0.0,0.0,1.4350823904362413,0.0,0.0,1.3613778705636745,0.07370451987256676,14460.534087040913,14460.534087040913,14460.534087040913,14460.534087040913
162,0.0,0.0,1.4310608151184177,0.0,0.0,1.35741127348643,0.07364954163198756,14460.60202204663,14460.60202204663,14460.60202204663,14460.60202204663
163,0.0,0.0,1.4270386600071079,0.0,0.0,1.3534446764091859,0.07359398359792202,14460.666004906205,14460.666004906205,14460.666004906205,14460.666004906205
164,0.0,0.0,1.4230159620419496,0.0,0.0,1.3494780793319416,0.07353788271000794,14460.726265656216,14460.726265656216,14460.726265656216,14460.726265656216
165,0.0,0.0,1.41899275601017,0.0,0.0,1.3455114822546974,0.07348127375547264,14460.783020941282,14460.783020941282,14460.783020941282,14460.783020941282
166,0.0,0.0,1.4149690746718484,0.0,0.0,1.341544885177453,0.07342418949439544,14460.836474793901,14460.836474793901,14460.836474793901,14460.836474793901
167,0.0,0.0,1.4109449488778902,0.0,0.0,1.3375782881002087,0.0733666607776815,14460.886819369018,14460.886819369018,14460.886819369018,14460.886819369018
168,0.0,0.0,1.4069204076811348,0.0,0.0,1.3336116910229645,0.07330871665817029,14460.934235635596,14460.934235635596,14460.934235635596,14460.934235635596
169,0.0,0.0,1.402895478440997,0.0,0.0,1.3296450939457203,0.07325038449527677,14460.97889402802,14460.97889402802,14460.97889402802,14460.97889402802
170,0.0,0.0,1.398870186922019,0.0,0.0,1.325678496868476,0.07319169005354298,14461.020955059561,14461.020955059561,14461.020955059561,14461.020955059561
171,0.0,0.0,1.3948445573866866,0.0,0.0,1.3217118997912318,0.07313265759545473,14461.060569899993,14461.060569899993,14461.060569899993,14461.060569899993
172,0.0,0.0,1.3908186126828448,0.0,0.0,1.3177453027139876,0.07307330996885719,14461.09788091965,14461.09788091965,14461.09788091965,14461.09788091965
173,0.0,0.0,1.3867923743260244,0.0,0.0,1.3137787056367434,0.07301366868928105,14461.133022201713,14461.133022201713,14461.133022201713,14461.133022201713
174,0.0,0.0,1.3827658625769796,0.0,0.0,1.3098121085594991,0.0729537540174805,14461.166120024776,14461.166120024776,14461.166120024776,14461.166120024776
175,0.0,0.0,1.3787390965147117,0.0,0.0,1.305845511482255,0.0728935850324568,14461.19729331716,14461.19729331716,14461.19729331716,14461.19729331716
176,0.0,0.0,1.3747120941052435,0.0,0.0,1.3018789144050105,0.07283317970023306,14461.226654084843,14461.226654084843,14461.226654084843,14461.226654084843
177,0.0,0.0,1.3706848722663914,0.0,0.0,1.2979123173277662,0.07277255493862511,14461.25430781451,14461.25430781451,14461.25430781451,14461.25430781451
178,0.0,0.0,1.3666574469287682,0.0,0.0,1.293945720250522,0.07271172667824621,14461.28035385301,14461.28035385301,14461.28035385301,14461.28035385301
179,0.0,0.0,1.3626298330932358,0.0,0.0,1.2899791231732778,0.07265070991995803,14461.304885764814,14461.304885764814,14461.304885764814,14461.304885764814
180,0.0,0.0,1.358602044885014,0.0,0.0,1.2860125260960333,0.07258951878898068,14461.327991668626,14461.327991668626,14461.327991668626,14461.327991668626
181,0.0,0.0,1.3545740956046397,0.0,0.0,1.282045929018789,0.0725281665858506,14461.349754554398,14461.349754554398,14461.349754554398,14461.349754554398
182,0.0,0.0,1.3505459977759635,0.0,0.0,1.2780793319415449,0.07246666583441863,14461.370252581888,14461.370252581888,14461.370252581888,14461.370252581888
183,0.0,0.0,1.3465177631913494,0.0,0.0,1.2741127348643007,0.07240502832704876,14461.38955936177,14461.38955936177,14461.38955936177,14461.38955936177
184,0.0,0.0,1.3424894029542467,0.0,0.0,1.2701461377870564,0.07234326516719025,14461.407744220502,14461.407744220502,14461.407744220502,14461.407744220502
185,0.0,0.0,1.3384609275192823,0.0,0.0,1.2661795407098122,0.07228138680947005,14461.424872449647,14461.424872449647,14461.424872449647,14461.424872449647
186,0.0,0.0,1.3344323467300225,0.0,0.0,1.262212943632568,0.07221940309745456,14461.441005540808,14461.441005540808,14461.441005540808,14461.441005540808
187,0.0,0.0,1.3304036698545343,0.0,0.0,1.2582463465553237,0.07215732329921054,14461.456201406709,14461.456201406709,14461.456201406709,14461.456201406709
188,0.0,0.0,1.3263749056188796,0.0,0.0,1.2542797494780795,0.07209515614080009,14461.470514589608,14461.470514589608,14461.470514589608,14461.470514589608
189,0.0,0.0,1.322346062238659,0.0,0.0,1.2503131524008353,0.07203290983782362,14461.483996457398,14461.483996457398,14461.483996457398,14461.483996457398
190,0.0,0.0,1.3183171474487203,0.0,0.0,1.246346555323591,0.07197059212512924,14461.496695388421,14461.496695388421,14461.496695388421,14461.496695388421
191,0.0,0.0,1.3142881685311374,0.0,0.0,1.2423799582463466,0.07190821028479077,14461.508656945403,14461.508656945403,14461.508656945403,14461.508656945403
192,0.0,0.0,1.3102591323415615,0.0,0.0,1.2384133611691024,0.07184577117245916,14461.519924039461,14461.519924039461,14461.519924039461,14461.519924039461
193,0.0,0.0,1.3062300453340403,0.0,0.0,1.2344467640918582,0.07178328124218214,14461.530537084309,14461.530537084309,14461.530537084309,14461.530537084309
194,0.0,0.0,1.302200913584389,0.0,0.0,1.2304801670146137,0.07172074656977534,14461.540534141637,14461.540534141637,14461.540534141637,14461.540534141637
195,0.0,0.0,1.298171742812206,0.0,0.0,1.2265135699373695,0.07165817287483645,14461.549951058085,14461.549951058085,14461.549951058085,14461.549951058085
196,0.0,0.0,1.2941425384016028,0.0,0.0,1.2225469728601253,0.0715955655414775,14461.55882159404,14461.55882159404,14461.55882159404,14461.55882159404
197,0.0,0.0,1.2901133054207312,0.0,0.0,1.218580375782881,0.07153292963785018,14461.567177545156,14461.567177545156,14461.567177545156,14461.567177545156
198,0.0,0.0,1.2860840486401726,0.0,0.0,1.2146137787056368,0.07147026993453576,14461.575048856666,14461.575048856666,14461.575048856666,14461.575048856666
199,0.0,0.0,1.282054772550256,0.0,0.0,1.2106471816283926,0.07140759092186344,14461.582463731062,14461.582463731062,14461.582463731062,14461.582463731062
200,0.0,0.0,1.278025481377371,0.0,0.0,1.2066805845511483,0.07134489682622269,14461.589448729552,14461.589448729552,14461.589448729552,14461.589448729552
201,0.0,0.0,1.2739961790993286,0.0,0.0,1.2027139874739041,0.07128219162542448,14461.596028867545,14461.596028867545,14461.596028867545,14461.596028867545
202,0.0,0.0,1.2699668694598296,0.0,0.0,1.19874739039666,0.07121947906316972,14461.602227704661,14461.602227704661,14461.602227704661,14461.602227704661
203,0.0,0.0,1.2659375559820911,0.0,0.0,1.1947807933194157,0.07115676266267545,14461.608067429435,14461.608067429435,14461.608067429435,14461.608067429435
204,0.0,0.0,1.2619082419816796,0.0,0.0,1.1908141962421714,0.07109404573950817,14461.613568939094,14461.613568939094,14461.613568939094,14461.613568939094
205,0.0,0.0,1.2578789305785962,0.0,0.0,1.186847599164927,0.07103133141366924,14461.618751914717,14461.618751914717,14461.618751914717,14461.618751914717
206,0.0,0.0,1.2538496247086615,0.0,0.0,1.1828810020876828,0.0709686226209787,14461.623634892083,14461.623634892083,14461.623634892083,14461.623634892083
207,0.0,0.0,1.2498203271342343,0.0,0.0,1.1789144050104385,0.07090592212379576,14461.628235328193,14461.628235328193,14461.628235328193,14461.628235328193
208,0.0,0.0,1.2457910404543102,0.0,0.0,1.1749478079331943,0.0708432325211159,14461.632569664158,14461.632569664158,14461.632569664158,14461.632569664158
209,0.0,0.0,1.2417617671140284,0.0,0.0,1.1709812108559499,0.07078055625807855,14461.636653384256,14461.636653384256,14461.636653384256,14461.636653384256
210,0.0,0.0,1.2377325094136293,0.0,0.0,1.1670146137787056,0.0707178956349237,14461.64050107171,14461.64050107171,14461.64050107171,14461.64050107171
211,0.0,0.0,1.2337032695168884,0.0,0.0,1.1630480167014614,0.07065525281542695,14461.644126461,14461.644126461,14461.644126461,14461.644126461
212,0.0,0.0,1.2296740494590594,0.0,0.0,1.1590814196242172,0.07059262983484227,14461.647542487357,14461.647542487357,14461.647542487357,14461.647542487357
213,0.0,0.0,1.2256448511543572,0.0,0.0,1.155114822546973,0.07053002860738422,14461.650761333225,14461.650761333225,14461.650761333225,14461.650761333225
214,0.0,0.0,1.2216156764030017,0.0,0.0,1.1511482254697287,0.070467450933273,14461.653794472088,14461.653794472088,14461.653794472088,14461.653794472088
215,0.0,0.0,1.2175865268978558,0.0,0.0,1.1471816283924845,0.07040489850537135,14461.656652709742,14461.656652709742,14461.656652709742,14461.656652709742
216,0.0,0.0,1.213557404230674,0.0,0.0,1.1432150313152403,0.07034237291543377,14461.659346223129,14461.659346223129,14461.659346223129,14461.659346223129
217,0.0,0.0,1.2095283098979892,0.0,0.0,1.139248434237996,0.07027987565999316,14461.66188459695,14461.66188459695,14461.66188459695,14461.66188459695
218,0.0,0.0,1.2054992453066558,0.0,0.0,1.1352818371607518,0.07021740814590394,14461.664276858108,14461.664276858108,14461.664276858108,14461.664276858108
219,0.0,0.0,1.2014702117790712,0.0,0.0,1.1313152400835074,0.07015497169556384,14461.666531508188,14461.666531508188,14461.666531508188,14461.666531508188
220,0.0,0.0,1.197441210558092,0.0,0.0,1.1273486430062631,0.07009256755182891,14461.668656554048,14461.668656554048,14461.668656554048,14461.668656554048
221,0.0,0.0,1.193412242811666,0.0,0.0,1.123382045929019,0.07003019688264711,14461.670659536572,14461.670659536572,14461.670659536572,14461.670659536572
222,0.0,0.0,1.1893833096371933,0.0,0.0,1.1194154488517747,0.06996786078541861,14461.672547557806,14461.672547557806,14461.672547557806,14461.672547557806
223,0.0,0.0,1.1853544120656332,0.0,0.0,1.1154488517745302,0.06990556029110295,14461.674327306479,14461.674327306479,14461.674327306479,14461.674327306479
224,0.0,0.0,1.1813255510653744,0.0,0.0,1.111482254697286,0.06984329636808839,14461.676005082121,14461.676005082121,14461.676005082121,14461.676005082121
225,0.0,0.0,1.177296727545877,0.0,0.0,1.1075156576200418,0.06978106992583522,14461.677586817601,14461.677586817601,14461.677586817601,14461.677586817601
226,0.0,0.0,1.173267942361105,0.0,0.0,1.1035490605427976,0.06971888181830743,14461.679078100566,14461.679078100566,14461.679078100566,14461.679078100566
227,0.0,0.0,1.1692391963127573,0.0,0.0,1.0995824634655533,0.06965673284720397,14461.680484193475,14461.680484193475,14461.680484193475,14461.680484193475
228,0.0,0.0,1.1652104901533122,0.0,0.0,1.095615866388309,0.06959462376500314,14461.681810052549,14461.681810052549,14461.681810052549,14461.681810052549
229,0.0,0.0,1.161181824588893,0.0,0.0,1.0916492693110649,0.06953255527782809,14461.683060345575,14461.683060345575,14461.683060345575,14461.683060345575
230,0.0,0.0,1.157153200281968,0.0,0.0,1.0876826722338206,0.06947052804814735,14461.684239468712,14461.684239468712,14461.684239468712,14461.684239468712
231,0.0,0.0,1.1531246178538932,0.0,0.0,1.0837160751565764,0.06940854269731678,14461.68535156229,14461.68535156229,14461.68535156229,14461.68535156229
232,0.0,0.0,1.1490960778873085,0.0,0.0,1.0797494780793322,0.0693465998079763,14461.686400525716,14461.686400525716,14461.686400525716,14461.686400525716
233,0.0,0.0,1.1450675809283901,0.0,0.0,1.0757828810020877,0.06928469992630237,14461.687390031388,14461.687390031388,14461.687390031388,14461.687390031388
234,0.0,0.0,1.1410391274889766,0.0,0.0,1.0718162839248435,0.06922284356413311,14461.688323538096,14461.688323538096,14461.688323538096,14461.688323538096
235,0.0,0.0,1.137010718048569,0.0,0.0,1.0678496868475993,0.06916103120096961,14461.68920430329,14461.68920430329,14461.68920430329,14461.68920430329
236,0.0,0.0,1.1329823530562142,0.0,0.0,1.063883089770355,0.06909926328585914,14461.690035394873,14461.690035394873,14461.690035394873,14461.690035394873
237,0.0,0.0,1.1289540329322802,0.0,0.0,1.0599164926931106,0.06903754023916964,14461.690819702198,14461.690819702198,14461.690819702198,14461.690819702198
238,0.0,0.0,1.124925758070127,0.0,0.0,1.0559498956158664,0.06897586245426068,14461.69155994651,14461.69155994651,14461.69155994651,14461.69155994651
239,0.0,0.0,1.1208975288376803,0.0,0.0,1.0519832985386222,0.06891423029905819,14461.692258690651,14461.692258690651,14461.692258690651,14461.692258690651
240,0.0,0.0,1.1168693455789136,0.0,0.0,1.048016701461378,0.06885264411753567,14461.692918348337,14461.692918348337,14461.692918348337,14461.692918348337
241,0.0,0.0,1.1128412086152442,0.0,0.0,1.0440501043841337,0.06879110423111046,14461.693541192824,14461.693541192824,14461.693541192824,14461.693541192824
242,0.0,0.0,1.1088131182468486,0.0,0.0,1.0400835073068895,0.06872961093995911,14461.694129365085,14461.694129365085,14461.694129365085,14461.694129365085
243,0.0,0.0,1.1047850747539,0.0,0.0,1.0361169102296452,0.06866816452425484,14461.694684881495,14461.694684881495,14461.694684881495,14461.694684881495
244,0.0,0.0,1.1007570783977356,0.0,0.0,1.032150313152401,0.0686067652453346,14461.69520964109,14461.69520964109,14461.69520964109,14461.69520964109
245,0.0,0.0,1.0967291294219537,0.0,0.0,1.0281837160751568,0.06854541334679687,14461.695705432376,14461.695705432376,14461.695705432376,14461.695705432376
246,0.0,0.0,1.092701228053448,0.0,0.0,1.0242171189979126,0.06848410905553548,14461.6961739398,14461.6961739398,14461.6961739398,14461.6961739398
247,0.0,0.0,1.0886733745033836,0.0,0.0,1.0202505219206683,0.0684228525827153,14461.6966167498,14461.6966167498,14461.6966167498,14461.6966167498
248,0.0,0.0,1.0846455689681127,0.0,0.0,1.016283924843424,0.06836164412468881,14461.69703535644,14461.69703535644,14461.69703535644,14461.69703535644
249,0.0,0.0,1.0806178116300396,0.0,0.0,1.0123173277661797,0.0683004838638599,14461.697431166904,14461.697431166904,14461.697431166904,14461.697431166904
250,0.0,0.0,1.0765901026584341,0.0,0.0,1.0083507306889354,0.0682393719694987,14461.697805506436,14461.697805506436,14461.697805506436,14461.697805506436
251,0.0,0.0,1.0725624422101983,0.0,0.0,1.004384133611691,0.06817830859850726,14461.698159623167,14461.698159623167,14461.698159623167,14461.698159623167
252,0.0,0.0,1.0685348304305884,0.0,0.0,1.0004175365344468,0.06811729389614163,14461.698494692646,14461.698494692646,14461.698494692646,14461.698494692646
253,0.0,0.0,1.0645072674538945,0.0,0.0,0.9964509394572025,0.06805632799669192,14461.698811821941,14461.698811821941,14461.698811821941,14461.698811821941
254,0.0,0.0,1.060479753404081,0.0,0.0,0.9924843423799583,0.06799541102412276,14461.699112053742,14461.699112053742,14461.699112053742,14461.699112053742
255,0.0,0.0,1.0564522883953893,0.0,0.0,0.9885177453027141,0.06793454309267521,14461.69939637003,14461.69939637003,14461.69939637003,14461.69939637003
256,0.0,0.0,1.0524248725329062,0.0,0.0,0.9845511482254699,0.06787372430743632,14461.699665695687,14461.699665695687,14461.699665695687,14461.699665695687
257,0.0,0.0,1.048397505913098,0.0,0.0,0.9805845511482256,0.06781295476487248,14461.69992090172,14461.69992090172,14461.69992090172,14461.69992090172
258,0.0,0.0,1.0443701886243162,0.0,0.0,0.9766179540709814,0.06775223455333479,14461.700162808494,14461.700162808494,14461.700162808494,14461.700162808494
259,0.0,0.0,1.0403429207472688,0.0,0.0,0.9726513569937372,0.06769156375353158,14461.700392188595,14461.700392188595,14461.700392188595,14461.700392188595
260,0.0,0.0,1.0363157023554697,0.0,0.0,0.9686847599164927,0.06763094243897694,14461.70060976968,14461.70060976968,14461.70060976968,14461.70060976968
261,0.0,0.0,1.0322885335156589,0.0,0.0,0.9647181628392485,0.06757037067641036,14461.700816237066,14461.700816237066,14461.700816237066,14461.700816237066
262,0.0,0.0,1.0282614142881978,0.0,0.0,0.9607515657620043,0.06750984852619357,14461.701012236164,14461.701012236164,14461.701012236164,14461.701012236164
263,0.0,0.0,1.0242348350750183,0.0,0.0,0.95678496868476,0.0674498663902583,14463.092161114066,14463.092161114066,14463.092161114066,14463.092161114066
264,0.0,0.0,1.0202096444220519,0.0,0.0,0.9528183716075158,0.06739127281453605,14464.573767183036,14464.573767183036,14464.573767183036,14464.573767183036
265,0.0,0.0,1.0161864932444318,0.0,0.0,0.9488517745302716,0.06733471871416019,14465.437147714736,14465.437147714736,14465.437147714736,14465.437147714736
266,0.0,0.0,1.0121657449633972,0.0,0.0,0.9448851774530274,0.06728056751036982,14465.899166477855,14465.899166477855,14465.899166477855,14465.899166477855
267,0.0,0.0,1.00814757709476,0.0,0.0,0.9409185803757829,0.0672289967189772,14466.102578204504,14466.102578204504,14466.102578204504,14466.102578204504
268,0.0,0.0,1.0041320480947746,0.0,0.0,0.9369519832985387,0.06718006479623595,14466.141249995842,14466.141249995842,14466.141249995842,14466.141249995842
269,0.0,0.0,1.0001191412795185,0.0,0.0,0.9329853862212945,0.06713375505822405,14466.076800481318,14466.076800481318,14466.076800481318,14466.076800481318
270,0.0,0.0,0.9961087936190554,0.0,0.0,0.9290187891440502,0.06709000447500513,14465.94957970085,14465.94957970085,14465.94957970085,14465.94957970085
271,0.0,0.0,0.9921009145567109,0.0,0.0,0.925052192066806,0.0670487224899049,14465.785915477707,14465.785915477707,14465.785915477707,14465.785915477707
272,0.0,0.0,0.9880953982534603,0.0,0.0,0.9210855949895618,0.0670098032638985,14465.602896017605,14465.602896017605,14465.602896017605,14465.602896017605
273,0.0,0.0,0.9840921315017317,0.0,0.0,0.9171189979123175,0.06697313358941415,14465.41152633987,14465.41152633987,14465.41152633987,14465.41152633987
274,0.0,0.0,0.9800909987898797,0.0,0.0,0.9131524008350731,0.06693859795480661,14465.218811265557,14465.218811265557,14465.218811265557,14465.218811265557
275,0.0,0.0,0.9760918854947883,0.0,0.0,0.9091858037578289,0.06690608173695944,14465.029129776936,14465.029129776936,14465.029129776936,14465.029129776936
276,0.0,0.0,0.9720946798474475,0.0,0.0,0.9052192066805846,0.06687547316686282,14464.845141569393,14464.845141569393,14464.845141569393,14464.845141569393
277,0.0,0.0,0.9680992740967583,0.0,0.0,0.9012526096033404,0.06684666449341792,14464.668384780944,14464.668384780944,14464.668384780944,14464.668384780944
278,0.0,0.0,0.9641055651518589,0.0,0.0,0.8972860125260962,0.06681955262576267,14464.499669863057,14464.499669863057,14464.499669863057,14464.499669863057
279,0.0,0.0,0.9601134548875787,0.0,0.0,0.893319415448852,0.06679403943872675,14464.339338893558,14464.339338893558,14464.339338893558,14464.339338893558
280,0.0,0.0,0.9561228502344759,0.0,0.0,0.8893528183716077,0.06677003186286812,14464.187436086173,14464.187436086173,14464.187436086173,14464.187436086173
281,0.0,0.0,0.9521336631332338,0.0,0.0,0.8853862212943633,0.06674744183887049,14464.043819705359,14464.043819705359,14464.043819705359,14464.043819705359
282,0.0,0.0,0.9481458104057097,0.0,0.0,0.8814196242171191,0.06672618618859061,14463.90823533075,14463.90823533075,14463.90823533075,14463.90823533075
283,0.0,0.0,0.9441592135767891,0.0,0.0,0.8774530271398748,0.06670618643691428,14463.780363637696,14463.780363637696,14463.780363637696,14463.780363637696
284,0.0,0.0,0.9401737986692581,0.0,0.0,0.8734864300626306,0.0666873686066275,14463.659851386092,14463.659851386092,14463.659851386092,14463.659851386092
285,0.0,0.0,0.9361894959860301,0.0,0.0,0.8695198329853864,0.0666696630006437,14463.54633135442,14463.54633135442,14463.54633135442,14463.54633135442
286,0.0,0.0,0.9322062398888917,0.0,0.0,0.8655532359081421,0.06665300398074958,14463.439435005552,14463.439435005552,14463.439435005552,14463.439435005552
287,0.0,0.0,0.9282239685795296,0.0,0.0,0.8615866388308979,0.06663732974863168,14463.338800382495,14463.338800382495,14463.338800382495,14463.338800382495
288,0.0,0.0,0.9242426238863706,0.0,0.0,0.8576200417536537,0.06662258213271688,14463.244076882078,14463.244076882078,14463.244076882078,14463.244076882078
289,0.0,0.0,0.9202621510593156,0.0,0.0,0.8536534446764092,0.06660870638290639,14463.154927993055,14463.154927993055,14463.154927993055,14463.154927993055
290,0.0,0.0,0.9162824985734997,0.0,0.0,0.849686847599165,0.06659565097433473,14463.071032714619,14463.071032714619,14463.071032714619,14463.071032714619
291,0.0,0.0,0.9123036179426006,0.0,0.0,0.8457202505219208,0.06658336742067983,14462.992086126389,14462.992086126389,14462.992086126389,14462.992086126389
292,0.0,0.0,0.9083254635418295,0.0,0.0,0.8417536534446766,0.06657181009715296,14462.917799419953,14462.917799419953,14462.917799419953,14462.917799419953
293,0.0,0.0,0.9043479924404907,0.0,0.0,0.8377870563674323,0.06656093607305835,14462.847899595072,14462.847899595072,14462.847899595072,14462.847899595072
294,0.0,0.0,0.9003711642438501,0.0,0.0,0.8338204592901881,0.066550704953662,14462.782128953739,14462.782128953739,14462.782128953739,14462.782128953739
295,0.0,0.0,0.8963949409439621,0.0,0.0,0.8298538622129439,0.06654107873101822,14462.720244478689,14462.720244478689,14462.720244478689,14462.720244478689
296,0.0,0.0,0.8924192867790574,0.0,0.0,0.8258872651356994,0.06653202164335792,14462.662017152637,14462.662017152637,14462.662017152637,14462.662017152637
297,0.0,0.0,0.888444168101075,0.0,0.0,0.8219206680584552,0.06652350004261975,14462.60723125438,14462.60723125438,14462.60723125438,14462.60723125438
298,0.0,0.0,0.8844695532509124,0.0,0.0,0.817954070981211,0.06651548226970139,14462.555683654482,14462.555683654482,14462.555683654482,14462.555683654482
299,0.0,0.0,0.8804954124409778,0.0,0.0,0.8139874739039668,0.06650793853701109,14462.50718312505,14462.50718312505,14462.50718312505,14462.50718312505
300,0.0,0.0,0.8765217176446359,0.0,0.0,0.8100208768267225,0.06650084081791341,14462.46154967196,14462.46154967196,14462.46154967196,14462.46154967196
301,0.0,0.0,0.8725484424921588,0.0,0.0,0.8060542797494783,0.0664941627426805,14462.418613894475,14462.418613894475,14462.418613894475,14462.418613894475
302,0.0,0.0,0.8685755621728061,0.0,0.0,0.8020876826722341,0.066487879500572,14462.37821637475,14462.37821637475,14462.37821637475,14462.37821637475
303,0.0,0.0,0.8646030533426805,0.0,0.0,0.7981210855949896,0.06648196774769088,14462.340207098074,14462.340207098074,14462.340207098074,14462.340207098074
304,0.0,0.0,0.8606308940380222,0.0,0.0,0.7941544885177454,0.06647640552027678,14462.30444490401,14462.30444490401,14462.30444490401,14462.30444490401
305,0.0,0.0,0.8566590635936223,0.0,0.0,0.7901878914405012,0.06647117215312115,14462.270796967488,14462.270796967488,14462.270796967488,14462.270796967488
306,0.0,0.0,0.8526875425660569,0.0,0.0,0.7862212943632569,0.0664662482028,14462.239138309254,14462.239138309254,14462.239138309254,14462.239138309254
307,0.0,0.0,0.8487163126614564,0.0,0.0,0.7822546972860127,0.0664616153754437,14462.209351334026,14462.209351334026,14462.209351334026,14462.209351334026
308,0.0,0.0,0.8447453566675432,0.0,0.0,0.7782881002087685,0.06645725645877476,14462.181325395457,14462.181325395457,14462.181325395457,14462.181325395457
309,0.0,0.0,0.8407746583896879,0.0,0.0,0.7743215031315243,0.06645315525816364,14462.154956386228,14462.154956386228,14462.154956386228,14462.154956386228
310,0.0,0.0,0.8368042025907428,0.0,0.0,0.7703549060542798,0.06644929653646303,14462.13014635213,14462.13014635213,14462.13014635213,14462.13014635213
311,0.0,0.0,0.8328339749344343,0.0,0.0,0.7663883089770356,0.06644566595739876,14462.106803128801,14462.106803128801,14462.106803128801,14462.106803128801
312,0.0,0.0,0.8288639619321005,0.0,0.0,0.7624217118997914,0.06644225003230919,14462.084839999698,14462.084839999698,14462.084839999698,14462.084839999698
313,0.0,0.0,0.8248941508925781,0.0,0.0,0.7584551148225471,0.06643903607003099,14462.064175374286,14462.064175374286,14462.064175374286,14462.064175374286
314,0.0,0.0,0.8209245298750517,0.0,0.0,0.7544885177453029,0.06643601212974881,14462.044732485145,14462.044732485145,14462.044732485145,14462.044732485145
315,0.0,0.0,0.8169550876446908,0.0,0.0,0.7505219206680587,0.06643316697663215,14462.026439102952,14462.026439102952,14462.026439102952,14462.026439102952
316,0.0,0.0,0.8129858136309099,0.0,0.0,0.7465553235908144,0.06643049004009549,14462.009227268303,14462.009227268303,14462.009227268303,14462.009227268303
317,0.0,0.0,0.809016697888096,0.0,0.0,0.74258872651357,0.06642797137452605,14461.993033039293,14461.993033039293,14461.993033039293,14461.993033039293
318,0.0,0.0,0.8050477310586579,0.0,0.0,0.7386221294363258,0.06642560162233213,14461.97779625413,14461.97779625413,14461.97779625413,14461.97779625413
319,0.0,0.0,0.8010789043382605,0.0,0.0,0.7346555323590815,0.06642337197917891,14461.963460307623,14461.963460307623,14461.963460307623,14461.963460307623
320,0.0,0.0,0.7971102094431138,0.0,0.0,0.7306889352818373,0.06642127416127652,14461.94997194099,14461.94997194099,14461.94997194099,14461.94997194099
321,0.0,0.0,0.7931416385791978,0.0,0.0,0.7267223382045931,0.06641930037460475,14461.93728104405,14461.93728104405,14461.93728104405,14461.93728104405
322,0.0,0.0,0.7891731844133038,0.0,0.0,0.7227557411273489,0.06641744328595489,14461.925340469072,14461.925340469072,14461.925340469072,14461.925340469072
323,0.0,0.0,0.7852048400457903,0.0,0.0,0.7187891440501046,0.06641569599568564,14461.914105855696,14461.914105855696,14461.914105855696,14461.914105855696
324,0.0,0.0,0.7812365989849495,0.0,0.0,0.7148225469728602,0.06641405201208928,14461.903535466103,14461.903535466103,14461.903535466103,14461.903535466103
325,0.0,0.0,0.7772684551228878,0.0,0.0,0.710855949895616,0.06641250522727182,14461.893590030038,14461.893590030038,14461.893590030038,14461.893590030038
326,0.0,0.0,0.773300402712834,0.0,0.0,0.7068893528183717,0.06641104989446223,14461.884232598903,14461.884232598903,14461.884232598903,14461.884232598903
327,0.0,0.0,0.7693324363477877,0.0,0.0,0.7029227557411275,0.06640968060666019,14461.875428408504,14461.875428408504,14461.875428408504,14461.875428408504
328,0.0,0.0,0.7653645509404318,0.0,0.0,0.6989561586638833,0.06640839227654849,14461.867144749951,14461.867144749951,14461.867144749951,14461.867144749951
329,0.0,0.0,0.7613967417042303,0.0,0.0,0.694989561586639,0.06640718011759128,14461.859350848103,14461.859350848103,14461.859350848103,14461.859350848103
330,0.0,0.0,0.7574290041356465,0.0,0.0,0.6910229645093948,0.06640603962625169,14461.852017747307,14461.852017747307,14461.852017747307,14461.852017747307
331,0.0,0.0,0.7534613339974096,0.0,0.0,0.6870563674321504,0.06640496656525918,14461.845118203782,14461.845118203782,14461.845118203782,14461.845118203782
332,0.0,0.0,0.7494937273027727,0.0,0.0,0.6830897703549061,0.0664039569478666,14461.83862658446,14461.83862658446,14461.83862658446,14461.83862658446
333,0.0,0.0,0.7455261803007015,0.0,0.0,0.6791231732776619,0.06640300702303958,14461.83251877172,14461.83251877172,14461.83251877172,14461.83251877172
334,0.0,0.0,0.7415586894619368,0.0,0.0,0.6751565762004177,0.06640211326151912,14461.826772073815,14461.826772073815,14461.826772073815,14461.826772073815
335,0.0,0.0,0.7375912514658831,0.0,0.0,0.6711899791231735,0.06640127234270965,14461.821365140571,14461.821365140571,14461.821365140571,14461.821365140571
336,0.0,0.0,0.7336238631882717,0.0,0.0,0.6672233820459292,0.06640048114234243,14461.816277884107,14461.816277884107,14461.816277884107,14461.816277884107
337,0.0,0.0,0.7296565216895524,0.0,0.0,0.663256784968685,0.06639973672086741,14461.81149140414,14461.81149140414,14461.81149140414,14461.81149140414
338,0.0,0.0,0.725689224203973,0.0,0.0,0.6592901878914406,0.06639903631253241,14461.80698791783,14461.80698791783,14461.80698791783,14461.80698791783
339,0.0,0.0,0.7217219681293032,0.0,0.0,0.6553235908141963,0.0663983773151069,14461.802750693732,14461.802750693732,14461.802750693732,14461.802750693732
340,0.0,0.0,0.717754751017167,0.0,0.0,0.6513569937369521,0.06639775728021491,14461.798763989547,14461.798763989547,14461.798763989547,14461.798763989547
341,0.0,0.0,0.7137875705639458,0.0,0.0,0.6473903966597079,0.06639717390423794,14461.79501299373,14461.79501299373,14461.79501299373,14461.79501299373
342,0.0,0.0,0.7098204246022201,0.0,0.0,0.6434237995824637,0.0663966250197564,14461.79148377043,14461.79148377043,14461.79148377043,14461.79148377043
343,0.0,0.0,0.7058533110927163,0.0,0.0,0.6394572025052194,0.0663961085874969,14461.788163207708,14461.788163207708,14461.788163207708,14461.788163207708
344,0.0,0.0,0.7018862281167314,0.0,0.0,0.6354906054279752,0.0663956226887562,14461.785038968861,14461.785038968861,14461.785038968861,14461.785038968861
345,0.0,0.0,0.6979191738690029,0.0,0.0,0.6315240083507307,0.06639516551827218,14461.782099446536,14461.782099446536,14461.782099446536,14461.782099446536
346,0.0,0.0,0.6939521466510029,0.0,0.0,0.6275574112734865,0.06639473537751639,14461.779333719685,14461.779333719685,14461.779333719685,14461.779333719685
347,0.0,0.0,0.6899851448646271,0.0,0.0,0.6235908141962423,0.06639433066838485,14461.77673151291,14461.77673151291,14461.77673151291,14461.77673151291
348,0.0,0.0,0.6860181670062575,0.0,0.0,0.6196242171189981,0.06639394988725944,14461.774283158324,14461.774283158324,14461.774283158324,14461.774283158324
349,0.0,0.0,0.6820512116611758,0.0,0.0,0.6156576200417538,0.06639359161942193,14461.771979559642,14461.771979559642,14461.771979559642,14461.771979559642
350,0.0,0.0,0.6780842774983074,0.0,0.0,0.6116910229645096,0.06639325453379774,14461.769812158382,14461.769812158382,14461.769812158382,14461.769812158382
351,0.0,0.0,0.674117363265276,0.0,0.0,0.6077244258872654,0.06639293737801066,14461.767772902072,14461.767772902072,14461.767772902072,14461.767772902072
352,0.0,0.0,0.670150467783751,0.0,0.0,0.6037578288100209,0.06639263897373004,14461.76585421431,14461.76585421431,14461.76585421431,14461.76585421431
353,0.0,0.0,0.666183589945069,0.0,0.0,0.5997912317327767,0.06639235821229228,14461.764048966674,14461.764048966674,14461.764048966674,14461.764048966674
354,0.0,0.0,0.6622167287061155,0.0,0.0,0.5958246346555325,0.066392094050583,14461.762350452143,14461.762350452143,14461.762350452143,14461.762350452143
355,0.0,0.0,0.6582498830854489,0.0,0.0,0.5918580375782883,0.0663918455071606,14461.760752360282,14461.760752360282,14461.760752360282,14461.760752360282
356,0.0,0.0,0.6542830521596541,0.0,0.0,0.587891440501044,0.06639161165861007,14461.759248753719,14461.759248753719,14461.759248753719,14461.759248753719
357,0.0,0.0,0.6503162350599124,0.0,0.0,0.5839248434237998,0.06639139163611263,14461.757834046144,14461.757834046144,14461.757834046144,14461.757834046144
358,0.0,0.0,0.6463494309687725,0.0,0.0,0.5799582463465556,0.06639118462221694,14461.756502981509,14461.756502981509,14461.756502981509,14461.756502981509
359,0.0,0.0,0.6423826391171146,0.0,0.0,0.5759916492693113,0.06639098984780323,14461.755250614551,14461.755250614551,14461.755250614551,14461.755250614551
360,0.0,0.0,0.6384158587812919,0.0,0.0,0.5720250521920669,0.06639080658922503,14461.754072292348,14461.754072292348,14461.754072292348,14461.754072292348
361,0.0,0.0,0.6344490892804427,0.0,0.0,0.5680584551148227,0.06639063416562008,14461.752963637111,14461.752963637111,14461.752963637111,14461.752963637111
362,0.0,0.0,0.6304823299739604,0.0,0.0,0.5640918580375784,0.06639047193638192,14461.751920529863,14461.751920529863,14461.751920529863,14461.751920529863
363,0.0,0.0,0.6265155802591138,0.0,0.0,0.5601252609603342,0.06639031929877959,14461.750939095164,14461.750939095164,14461.750939095164,14461.750939095164
364,0.0,0.0,0.6225488395688072,0.0,0.0,0.55615866388309,0.06639017568571726,14461.75001568668,14461.75001568668,14461.75001568668,14461.75001568668
365,0.0,0.0,0.6185821073694743,0.0,0.0,0.5521920668058458,0.06639004056362852,14461.749146873706,14461.749146873706,14461.749146873706,14461.749146873706
366,0.0,0.0,0.6146153831590949,0.0,0.0,0.5482254697286015,0.06638991343049339,14461.748329428327,14461.748329428327,14461.748329428327,14461.748329428327
367,0.0,0.0,0.6106486664653306,0.0,0.0,0.5442588726513571,0.06638979381397347,14461.747560313495,14461.747560313495,14461.747560313495,14461.747560313495
368,0.0,0.0,0.6066819568437689,0.0,0.0,0.5402922755741129,0.06638968126965605,14461.74683667174,14461.74683667174,14461.74683667174,14461.74683667174
369,0.0,0.0,0.6027152538762737,0.0,0.0,0.5363256784968686,0.06638957537940504,14461.746155814515,14461.746155814515,14461.746155814515,14461.746155814515
370,0.0,0.0,0.5987485571694299,0.0,0.0,0.5323590814196244,0.06638947574980547,14461.745515212227,14461.745515212227,14461.745515212227,14461.745515212227
371,0.0,0.0,0.5947818663530829,0.0,0.0,0.5283924843423802,0.06638938201070277,14461.74491248485,14461.74491248485,14461.74491248485,14461.74491248485
372,0.0,0.0,0.5908151810789635,0.0,0.0,0.524425887265136,0.06638929381382752,14461.74434539308,14461.74434539308,14461.74434539308,14461.74434539308
373,0.0,0.0,0.586848501019393,0.0,0.0,0.5204592901878917,0.06638921083150129,14461.74381182999,14461.74381182999,14461.74381182999,14461.74381182999
374,0.0,0.0,0.5828818258660666,0.0,0.0,0.5164926931106473,0.06638913275541936,14461.743309813239,14461.743309813239,14461.743309813239,14461.743309813239
375,0.0,0.0,0.578915155328908,0.0,0.0,0.512526096033403,0.06638905929550498,14461.742837477697,14461.742837477697,14461.742837477697,14461.742837477697
376,0.0,0.0,0.5749484891349909,0.0,0.0,0.5085594989561588,0.06638899017883204,14461.742393068474,14461.742393068474,14461.742393068474,14461.742393068474
377,0.0,0.0,0.5709818270275254,0.0,0.0,0.5045929018789146,0.06638892514861083,14461.741974934477,14461.741974934477,14461.741974934477,14461.741974934477
378,0.0,0.0,0.5670151687649045,0.0,0.0,0.5006263048016704,0.06638886396323418,14461.741581522205,14461.741581522205,14461.741581522205,14461.741581522205
379,0.0,0.0,0.5630485141198057,0.0,0.0,0.49665970772442614,0.06638880639537958,14461.741211370016,14461.741211370016,14461.741211370016,14461.741211370016
380,0.0,0.0,0.5590818628783468,0.0,0.0,0.4926931106471819,0.06638875223116492,14461.740863102681,14461.740863102681,14461.740863102681,14461.740863102681
381,0.0,0.0,0.5551152148392912,0.0,0.0,0.48872651356993746,0.0663887012693537,14461.74053542627,14461.74053542627,14461.74053542627,14461.74053542627
382,0.0,0.0,0.5511485698132998,0.0,0.0,0.48475991649269323,0.06638865332060662,14461.740227123388,14461.740227123388,14461.740227123388,14461.740227123388
383,0.0,0.0,0.5471819276222286,0.0,0.0,0.480793319415449,0.06638860820677961,14461.739937048587,14461.739937048587,14461.739937048587,14461.739937048587
384,0.0,0.0,0.5432152880984659,0.0,0.0,0.4768267223382048,0.06638856576026109,14461.739664124154,14461.739664124154,14461.739664124154,14461.739664124154
385,0.0,0.0,0.5392486510843097,0.0,0.0,0.47286012526096055,0.0663885258233492,14461.739407336085,14461.739407336085,14461.739407336085,14461.739407336085
386,0.0,0.0,0.5352820164313822,0.0,0.0,0.4688935281837163,0.06638848824766586,14461.739165730338,14461.739165730338,14461.739165730338,14461.739165730338
387,0.0,0.0,0.531315384000078,0.0,0.0,0.4649269311064721,0.06638845289360595,14461.738938409275,14461.738938409275,14461.738938409275,14461.738938409275
388,0.0,0.0,0.5273487536590461,0.0,0.0,0.46096033402922765,0.06638841962981845,14461.738724528328,14461.738724528328,14461.738724528328,14461.738724528328
389,0.0,0.0,0.5233821252847012,0.0,0.0,0.4569937369519834,0.06638838833271776,14461.73852329288,14461.73852329288,14461.73852329288,14461.73852329288
390,0.0,0.0,0.519415498760765,0.0,0.0,0.4530271398747392,0.06638835888602579,14461.738333955265,14461.738333955265,14461.738333955265,14461.738333955265
391,0.0,0.0,0.515448873977834,0.0,0.0,0.44906054279749497,0.06638833118033904,14461.738155812032,14461.738155812032,14461.738155812032,14461.738155812032
392,0.0,0.0,0.5114822508329732,0.0,0.0,0.44509394572025074,0.06638830511272242,14461.737988201334,14461.737988201334,14461.737988201334,14461.737988201334
393,0.0,0.0,0.5075156292293332,0.0,0.0,0.4411273486430065,0.06638828058632673,14461.737830500442,14461.737830500442,14461.737830500442,14461.737830500442
394,0.0,0.0,0.503549009075791,0.0,0.0,0.4371607515657623,0.06638825751002875,14461.737682123447,14461.737682123447,14461.737682123447,14461.737682123447
395,0.0,0.0,0.4995823902866112,0.0,0.0,0.43319415448851784,0.06638823579809339,14461.737542519088,14461.737542519088,14461.737542519088,14461.737542519088
396,0.0,0.0,0.49561577278112706,0.0,0.0,0.4292275574112736,0.06638821536985345,14461.737411168684,14461.737411168684,14461.737411168684,14461.737411168684
397,0.0,0.0,0.49164915648344143,0.0,0.0,0.4252609603340294,0.06638819614941205,14461.737287584252,14461.737287584252,14461.737287584252,14461.737287584252
398,0.0,0.0,0.48768254132214456,0.0,0.0,0.42129436325678515,0.0663881780653594,14461.73717130661,14461.73717130661,14461.73717130661,14461.73717130661
399,0.0,0.0,0.4837159272300485,0.0,0.0,0.4173277661795409,0.0663881610505076,14461.737061903768,14461.737061903768,14461.737061903768,14461.737061903768
400,0.0,0.0,0.4797493141439381,0.0,0.0,0.4133611691022967,0.06638814504164142,14461.736958969253,14461.736958969253,14461.736958969253,14461.736958969253
401,0.0,0.0,0.4757827020043354,0.0,0.0,0.40939457202505247,0.06638812997928295,14461.73686212063,14461.73686212063,14461.73686212063,14461.73686212063
402,0.0,0.0,0.471816090755279,0.0,0.0,0.405427974947808,0.066388115807471,14461.736770998072,14461.736770998072,14461.736770998072,14461.736770998072
403,0.0,0.0,0.4678494803441164,0.0,0.0,0.4014613778705638,0.06638810247355259,14461.736685263055,14461.736685263055,14461.736685263055,14461.736685263055
404,0.0,0.0,0.4638828707213079,0.0,0.0,0.39749478079331957,0.06638808992798834,14461.73660459703,14461.73660459703,14461.73660459703,14461.73660459703
405,0.0,0.0,0.459916261840243,0.0,0.0,0.39352818371607534,0.06638807812416764,14461.736528700298,14461.736528700298,14461.736528700298,14461.736528700298
406,0.0,0.0,0.45594965365706674,0.0,0.0,0.3895615866388311,0.06638806701823563,14461.736457290881,14461.736457290881,14461.736457290881,14461.736457290881
407,0.0,0.0,0.45198304613051726,0.0,0.0,0.3855949895615869,0.06638805656893038,14461.73639010347,14461.73639010347,14461.73639010347,14461.73639010347
408,0.0,0.0,0.4480164392217721,0.0,0.0,0.38162839248434266,0.06638804673742943,14461.736326888447,14461.736326888447,14461.736326888447,14461.736326888447
409,0.0,0.0,0.4440498328943043,0.0,0.0,0.3776617954070982,0.06638803748720606,14461.736267410943,14461.736267410943,14461.736267410943,14461.736267410943
410,0.0,0.0,0.44008322711374637,0.0,0.0,0.373695198329854,0.06638802878389238,14461.736211449988,14461.736211449988,14461.736211449988,14461.736211449988
411,0.0,0.0,0.4361166218477629,0.0,0.0,0.36972860125260976,0.06638802059515314,14461.73615879767,14461.73615879767,14461.73615879767,14461.73615879767
412,0.0,0.0,0.4321500170659302,0.0,0.0,0.36576200417536553,0.06638801289056467,14461.736109258363,14461.736109258363,14461.736109258363,14461.736109258363
413,0.0,0.0,0.42818341273962335,0.0,0.0,0.3617954070981213,0.06638800564150205,14461.736062648011,14461.736062648011,14461.736062648011,14461.736062648011
414,0.0,0.0,0.4242168088419098,0.0,0.0,0.3578288100208771,0.06638799882103275,14461.73601879345,14461.73601879345,14461.73601879345,14461.73601879345
415,0.0,0.0,0.4202502053474495,0.0,0.0,0.35386221294363285,0.06638799240381665,14461.735977531749,14461.735977531749,14461.735977531749,14461.735977531749
416,0.0,0.0,0.41628360223240035,0.0,0.0,0.3498956158663886,0.06638798636601173,14461.7359387096,14461.7359387096,14461.7359387096,14461.7359387096
417,0.0,0.0,0.4123169994743303,0.0,0.0,0.34592901878914417,0.06638798068518614,14461.735902182765,14461.735902182765,14461.735902182765,14461.735902182765
418,0.0,0.0,0.40835039705213316,0.0,0.0,0.34196242171189994,0.06638797534023322,14461.735867815543,14461.735867815543,14461.735867815543,14461.735867815543
419,0.0,0.0,0.40438379494595084,0.0,0.0,0.3379958246346557,0.06638797031129512,14461.73583548026,14461.73583548026,14461.73583548026,14461.73583548026
420,0.0,0.0,0.4004171931370993,0.0,0.0,0.3340292275574115,0.06638796557968779,14461.735805056756,14461.735805056756,14461.735805056756,14461.735805056756
421,0.0,0.0,0.3964505916079991,0.0,0.0,0.33006263048016726,0.06638796112783185,14461.735776432011,14461.735776432011,14461.735776432011,14461.735776432011
422,0.0,0.0,0.3924839903421103,0.0,0.0,0.32609603340292304,0.06638795693918725,14461.73574949968,14461.73574949968,14461.73574949968,14461.73574949968
423,0.0,0.0,0.38851738932387075,0.0,0.0,0.3221294363256788,0.06638795299819195,14461.735724159691,14461.735724159691,14461.735724159691,14461.735724159691
424,0.0,0.0,0.3845507885386385,0.0,0.0,0.31816283924843436,0.06638794929020414,14461.735700317895,14461.735700317895,14461.735700317895,14461.735700317895
425,0.0,0.0,0.3805841879726372,0.0,0.0,0.31419624217119013,0.06638794580144708,14461.735677885732,14461.735677885732,14461.735677885732,14461.735677885732
426,0.0,0.0,0.37661758761290515,0.0,0.0,0.3102296450939459,0.06638794251895924,14461.735656779845,14461.735656779845,14461.735656779845,14461.735656779845
427,0.0,0.0,0.37265098744724673,0.0,0.0,0.3062630480167017,0.06638793943054505,14461.735636921821,14461.735636921821,14461.735636921821,14461.735636921821
428,0.0,0.0,0.3686843874641876,0.0,0.0,0.30229645093945745,0.06638793652473013,14461.735618237879,14461.735618237879,14461.735618237879,14461.735618237879
429,0.0,0.0,0.3647177876529318,0.0,0.0,0.2983298538622132,0.06638793379071856,14461.735600658609,14461.735600658609,14461.735600658609,14461.735600658609
430,0.0,0.0,0.3607511880033216,0.0,0.0,0.294363256784969,0.06638793121835262,14461.735584118695,14461.735584118695,14461.735584118695,14461.735584118695
431,0.0,0.0,0.35678458850579986,0.0,0.0,0.29039665970772455,0.06638792879807531,14461.735568556673,14461.735568556673,14461.735568556673,14461.735568556673
432,0.0,0.0,0.3528179891513746,0.0,0.0,0.2864300626304803,0.06638792652089426,14461.735553914757,14461.735553914757,14461.735553914757,14461.735553914757
433,0.0,0.0,0.3488513899315852,0.0,0.0,0.2824634655532361,0.06638792437834912,14461.735540138528,14461.735540138528,14461.735540138528,14461.735540138528
434,0.0,0.0,0.3448847908384716,0.0,0.0,0.27849686847599187,0.06638792236247976,14461.735527176803,14461.735527176803,14461.735527176803,14461.735527176803
435,0.0,0.0,0.3409181918645442,0.0,0.0,0.27453027139874764,0.06638792046579656,14461.735514981421,14461.735514981421,14461.735514981421,14461.735514981421
436,0.0,0.0,0.3369515930027563,0.0,0.0,0.2705636743215034,0.06638791868125288,14461.735503507087,14461.735503507087,14461.735503507087,14461.735503507087
437,0.0,0.0,0.3329849942464776,0.0,0.0,0.2665970772442592,0.06638791700221841,14461.735492711152,14461.735492711152,14461.735492711152,14461.735492711152
438,0.0,0.0,0.32901839558947005,0.0,0.0,0.26263048016701473,0.06638791542245531,14461.735482553511,14461.735482553511,14461.735482553511,14461.735482553511
439,0.0,0.0,0.3250517970258644,0.0,0.0,0.2586638830897705,0.06638791393609389,14461.735472996446,14461.735472996446,14461.735472996446,14461.735472996446
440,0.0,0.0,0.32108519855013834,0.0,0.0,0.2546972860125263,0.06638791253761206,14461.735464004425,14461.735464004425,14461.735464004425,14461.735464004425
441,0.0,0.0,0.3171186001570961,0.0,0.0,0.25073068893528205,0.06638791122181403,14461.73545554405,14461.73545554405,14461.73545554405,14461.73545554405
442,0.0,0.0,0.31315200184184905,0.0,0.0,0.24676409185803783,0.06638790998381122,14461.73544758388,14461.73544758388,14461.73544758388,14461.73544758388
443,0.0,0.0,0.3091854035997977,0.0,0.0,0.2427974947807936,0.06638790881900408,14461.735440094351,14461.735440094351,14461.735440094351,14461.735440094351
444,0.0,0.0,0.3052188054266142,0.0,0.0,0.23883089770354937,0.06638790772306485,14461.735433047634,14461.735433047634,14461.735433047634,14461.735433047634
445,0.0,0.0,0.3012522073182271,0.0,0.0,0.23486430062630492,0.06638790669192218,14461.735426417537,14461.735426417537,14461.735426417537,14461.735426417537
446,0.0,0.0,0.29728560927080533,0.0,0.0,0.2308977035490607,0.06638790572174463,14461.735420179448,14461.735420179448,14461.735420179448,14461.735420179448
447,0.0,0.0,0.2933190112807442,0.0,0.0,0.22693110647181647,0.06638790480892776,14461.735414310177,14461.735414310177,14461.735414310177,14461.735414310177
448,0.0,0.0,0.2893524133446525,0.0,0.0,0.22296450939457224,0.06638790395008026,14461.735408787921,14461.735408787921,14461.735408787921,14461.735408787921
449,0.0,0.0,0.2853858154593392,0.0,0.0,0.21899791231732801,0.0663879031420112,14461.73540359216,14461.73540359216,14461.73540359216,14461.73540359216
450,0.0,0.0,0.28141921762180216,0.0,0.0,0.2150313152400838,0.06638790238171838,14461.735398703597,14461.735398703597,14461.735398703597,14461.735398703597
451,0.0,0.0,0.2774526198292167,0.0,0.0,0.21106471816283956,0.06638790166637715,14461.735394104064,14461.735394104064,14461.735394104064,14461.735394104064
452,0.0,0.0,0.273486022078925,0.0,0.0,0.2070981210855951,0.06638790099332986,14461.735389776462,14461.735389776462,14461.735389776462,14461.735389776462
453,0.0,0.0,0.2695194243684265,0.0,0.0,0.20313152400835088,0.06638790036007564,14461.735385704742,14461.735385704742,14461.735385704742,14461.735385704742
454,0.0,0.0,0.26555282669536856,0.0,0.0,0.19916492693110666,0.0663878997642619,14461.735381873754,14461.735381873754,14461.735381873754,14461.735381873754
455,0.0,0.0,0.2615862290575375,0.0,0.0,0.19519832985386243,0.06638789920367505,14461.73537826927,14461.73537826927,14461.73537826927,14461.73537826927
456,0.0,0.0,0.2576196314528505,0.0,0.0,0.1912317327766182,0.0663878986762323,14461.735374877895,14461.735374877895,14461.735374877895,14461.735374877895
457,0.0,0.0,0.253653033879348,0.0,0.0,0.18726513569937397,0.06638789817997404,14461.735371687031,14461.735371687031,14461.735371687031,14461.735371687031
458,0.0,0.0,0.24968643633518628,0.0,0.0,0.18329853862212975,0.06638789771305653,14461.735368684826,14461.735368684826,14461.735368684826,14461.735368684826
459,0.0,0.0,0.24571983881863058,0.0,0.0,0.1793319415448853,0.06638789727374528,14461.735365860113,14461.735365860113,14461.735365860113,14461.735365860113
460,0.0,0.0,0.2417532413280487,0.0,0.0,0.17536534446764107,0.06638789686040764,14461.73536320242,14461.73536320242,14461.73536320242,14461.73536320242
461,0.0,0.0,0.23778664386190498,0.0,0.0,0.17139874739039684,0.06638789647150814,14461.73536070186,14461.73536070186,14461.73536070186,14461.73536070186
462,0.0,0.0,0.23382004641875453,0.0,0.0,0.16743215031315262,0.06638789610560192,14461.735358349139,14461.735358349139,14461.735358349139,14461.735358349139
463,0.0,0.0,0.22985344899723792,0.0,0.0,0.1634655532359084,0.06638789576132953,14461.735356135523,14461.735356135523,14461.735356135523,14461.735356135523
464,0.0,0.0,0.22588685159607602,0.0,0.0,0.15949895615866416,0.06638789543741186,14461.735354052784,14461.735354052784,14461.735354052784,14461.735354052784
465,0.0,0.0,0.22192025421406547,0.0,0.0,0.15553235908141994,0.06638789513264554,14461.735352093183,14461.735352093183,14461.735352093183,14461.735352093183
466,0.0,0.0,0.2179536568500739,0.0,0.0,0.15156576200417549,0.06638789484589841,14461.735350249433,14461.735350249433,14461.735350249433,14461.735350249433
467,0.0,0.0,0.21398705950303595,0.0,0.0,0.14759916492693126,0.0663878945761047,14461.735348514707,14461.735348514707,14461.735348514707,14461.735348514707
468,0.0,0.0,0.2100204621719493,0.0,0.0,0.14363256784968703,0.06638789432226228,14461.735346882542,14461.735346882542,14461.735346882542,14461.735346882542
469,0.0,0.0,0.2060538648558708,0.0,0.0,0.1396659707724428,0.06638789408342799,14461.735345346875,14461.735345346875,14461.735345346875,14461.735345346875
470,0.0,0.0,0.20208726755391315,0.0,0.0,0.13569937369519858,0.06638789385871458,14461.735343902004,14461.735343902004,14461.735343902004,14461.735343902004
471,0.0,0.0,0.1981206702652414,0.0,0.0,0.13173277661795435,0.06638789364728706,14461.735342542557,14461.735342542557,14461.735342542557,14461.735342542557
472,0.0,0.0,0.19415407298907014,0.0,0.0,0.12776617954071012,0.06638789344836002,14461.735341263487,14461.735341263487,14461.735341263487,14461.735341263487
473,0.0,0.0,0.19018747572466024,0.0,0.0,0.12379958246346567,0.06638789326119457,14461.735340060033,14461.735340060033,14461.735340060033,14461.735340060033
474,0.0,0.0,0.18622087847131633,0.0,0.0,0.11983298538622145,0.06638789308509488,14461.735338927741,14461.735338927741,14461.735338927741,14461.735338927741
475,0.0,0.0,0.18225428122838408,0.0,0.0,0.11586638830897722,0.06638789291940686,14461.735337862392,14461.735337862392,14461.735337862392,14461.735337862392
476,0.0,0.0,0.178287683995248,0.0,0.0,0.11189979123173299,0.066387892763515,14461.735336860034,14461.735336860034,14461.735336860034,14461.735336860034
477,0.0,0.0,0.17432108677132882,0.0,0.0,0.10793319415448877,0.06638789261684006,14461.73533591694,14461.73533591694,14461.73533591694,14461.73533591694
478,0.0,0.0,0.17035448955608165,0.0,0.0,0.10396659707724454,0.06638789247883711,14461.735335029603,14461.735335029603,14461.735335029603,14461.735335029603
479,0.0,0.0,0.16638789234899376,0.0,0.0,0.1,0.06638789234899375,14461.73533419472,14461.73533419472,14461.73533419472,14461.73533419472
